timestamp,status
dom 2025-11-23 12:01:47,offline
dom 2025-11-23 12:01:56,online
dom 2025-11-23 12:02:26,offline
dom 2025-11-23 12:03:13,offline
dom 2025-11-23 12:03:24,online
dom 2025-11-23 12:03:47,offline
dom 2025-11-23 13:19:30,offline
dom 2025-11-23 13:22:57,online
dom 2025-11-23 13:23:14,offline
dom 2025-11-23 13:23:32,online
dom 2025-11-23 13:37:49,offline
dom 2025-11-23 13:38:39,online
dom 2025-11-23 13:39:10,offline
dom 2025-11-23 13:41:51,online
dom 2025-11-23 13:42:05,offline
dom 2025-11-23 13:42:12,online
dom 2025-11-23 13:42:26,offline
dom 2025-11-23 13:43:09,online
dom 2025-11-23 13:43:37,offline
dom 2025-11-23 13:46:12,online
dom 2025-11-23 13:46:37,offline
dom 2025-11-23 16:19:42,offline
dom 2025-11-23 16:28:14,online
dom 2025-11-23 16:29:13,offline
dom 2025-11-23 16:59:22,offline
dom 2025-11-23 20:29:07,online
dom 2025-11-23 20:33:20,offline
dom 2025-11-23 20:33:25,online
dom 2025-11-23 20:33:34,offline
dom 2025-11-23 20:33:39,online
dom 2025-11-23 20:34:09,offline
dom 2025-11-23 20:34:19,online
dom 2025-11-23 20:34:34,offline
dom 2025-11-23 20:34:44,online
dom 2025-11-23 20:39:40,offline
dom 2025-11-23 20:50:14,online
dom 2025-11-23 20:55:12,offline
dom 2025-11-23 20:56:36,online
dom 2025-11-23 20:57:04,offline
dom 2025-11-23 20:58:11,online
dom 2025-11-23 20:58:31,offline
dom 2025-11-23 20:58:36,online
dom 2025-11-23 21:00:24,offline
dom 2025-11-23 21:02:55,online
dom 2025-11-23 21:04:58,offline
dom 2025-11-23 21:09:38,online
dom 2025-11-23 21:11:59,offline
dom 2025-11-23 21:12:11,online
dom 2025-11-23 21:14:14,offline
dom 2025-11-23 21:16:26,online
dom 2025-11-23 21:17:56,offline
dom 2025-11-23 21:18:11,online
dom 2025-11-23 21:27:27,offline
dom 2025-11-23 22:07:22,online
dom 2025-11-23 22:08:41,offline
dom 2025-11-23 22:18:05,online
dom 2025-11-23 22:18:47,offline
dom 2025-11-23 22:35:01,online
dom 2025-11-23 22:35:24,offline
dom 2025-11-23 22:36:35,online
dom 2025-11-23 22:36:55,offline
dom 2025-11-23 22:59:03,online
dom 2025-11-23 23:00:37,offline
dom 2025-11-23 23:13:22,online
dom 2025-11-23 23:13:41,offline
dom 2025-11-23 23:14:32,online
dom 2025-11-23 23:25:38,offline
dom 2025-11-23 23:25:43,online
lun 2025-11-24 00:50:27,offline
lun 2025-11-24 00:53:31,online
lun 2025-11-24 00:53:57,offline
lun 2025-11-24 00:54:12,online
lun 2025-11-24 00:54:34,offline
lun 2025-11-24 00:54:56,online
lun 2025-11-24 00:55:18,offline
lun 2025-11-24 01:03:47,online
lun 2025-11-24 01:05:32,offline
lun 2025-11-24 12:33:02,online
lun 2025-11-24 12:33:44,offline
lun 2025-11-24 12:36:27,online
lun 2025-11-24 12:39:26,offline
lun 2025-11-24 12:42:05,online
lun 2025-11-24 12:43:10,offline
lun 2025-11-24 12:45:25,online
lun 2025-11-24 12:50:31,offline
lun 2025-11-24 12:50:57,online
lun 2025-11-24 12:54:58,offline
lun 2025-11-24 12:56:00,online
lun 2025-11-24 12:57:13,offline
lun 2025-11-24 12:59:26,online
lun 2025-11-24 13:03:39,offline
lun 2025-11-24 13:03:43,online
lun 2025-11-24 13:04:48,offline
lun 2025-11-24 13:06:55,online
lun 2025-11-24 13:10:59,offline
lun 2025-11-24 13:13:09,online
lun 2025-11-24 13:13:28,offline
lun 2025-11-24 13:13:40,online
lun 2025-11-24 13:16:14,offline
lun 2025-11-24 13:17:50,online
lun 2025-11-24 13:18:05,offline
lun 2025-11-24 13:33:30,online
lun 2025-11-24 13:34:15,offline
lun 2025-11-24 13:38:59,online
lun 2025-11-24 13:42:25,offline
lun 2025-11-24 13:44:40,online
lun 2025-11-24 13:45:01,offline
lun 2025-11-24 13:45:33,online
lun 2025-11-24 13:45:58,offline
lun 2025-11-24 13:51:58,online
lun 2025-11-24 13:52:31,offline
lun 2025-11-24 14:31:51,online
lun 2025-11-24 14:33:09,offline
lun 2025-11-24 14:35:20,online
lun 2025-11-24 14:35:42,offline
lun 2025-11-24 14:45:01,online
lun 2025-11-24 14:45:33,offline
lun 2025-11-24 16:36:57,online
lun 2025-11-24 16:37:32,offline
lun 2025-11-24 16:55:27,online
lun 2025-11-24 16:56:20,offline
lun 2025-11-24 17:00:17,online
lun 2025-11-24 17:01:29,offline
lun 2025-11-24 17:01:51,online
lun 2025-11-24 17:03:50,offline
lun 2025-11-24 17:05:50,online
lun 2025-11-24 17:07:00,offline
lun 2025-11-24 18:20:26,online
lun 2025-11-24 18:20:47,offline
lun 2025-11-24 18:31:25,online
lun 2025-11-24 18:32:09,offline
lun 2025-11-24 18:35:02,online
lun 2025-11-24 18:35:46,offline
lun 2025-11-24 18:40:15,online
lun 2025-11-24 18:41:19,offline
lun 2025-11-24 18:45:00,online
lun 2025-11-24 18:45:41,offline
lun 2025-11-24 18:57:19,online
lun 2025-11-24 18:59:22,offline
lun 2025-11-24 19:13:08,online
lun 2025-11-24 19:14:54,offline
lun 2025-11-24 19:15:52,online
lun 2025-11-24 19:16:29,offline
lun 2025-11-24 22:33:01,offline
lun 2025-11-24 22:47:35,online
lun 2025-11-24 22:49:25,offline
lun 2025-11-24 23:03:41,online
lun 2025-11-24 23:04:56,offline
lun 2025-11-24 23:20:17,online
lun 2025-11-24 23:21:02,offline
lun 2025-11-24 23:34:08,online
lun 2025-11-24 23:34:41,offline
mar 2025-11-25 00:46:40,offline
mar 2025-11-25 10:40:20,offline
mar 2025-11-25 10:46:24,online
mar 2025-11-25 10:48:32,offline
mar 2025-11-25 10:50:11,online
mar 2025-11-25 10:50:53,offline
mar 2025-11-25 10:51:08,online
mar 2025-11-25 10:56:23,offline
mar 2025-11-25 10:58:41,online
mar 2025-11-25 10:59:09,offline
mar 2025-11-25 10:59:28,online
mar 2025-11-25 11:00:00,offline
mar 2025-11-25 11:04:16,online
mar 2025-11-25 11:04:57,offline
mar 2025-11-25 11:08:19,online
mar 2025-11-25 11:08:40,offline
mar 2025-11-25 11:12:25,online
mar 2025-11-25 11:12:55,offline
mar 2025-11-25 11:13:14,online
mar 2025-11-25 11:13:35,offline
mar 2025-11-25 11:17:58,online
mar 2025-11-25 11:24:03,offline
mar 2025-11-25 11:25:53,online
mar 2025-11-25 11:30:52,offline
mar 2025-11-25 11:30:57,online
mar 2025-11-25 11:31:41,offline
mar 2025-11-25 11:32:24,online
mar 2025-11-25 11:33:55,offline
mar 2025-11-25 11:35:03,online
mar 2025-11-25 11:41:38,offline
mar 2025-11-25 11:41:50,online
mar 2025-11-25 11:45:53,offline
mar 2025-11-25 11:59:08,online
mar 2025-11-25 12:00:28,offline
mar 2025-11-25 12:01:16,online
mar 2025-11-25 12:01:33,offline
mar 2025-11-25 12:02:37,online
mar 2025-11-25 12:02:53,offline
mar 2025-11-25 12:39:39,online
mar 2025-11-25 12:41:46,offline
mar 2025-11-25 12:42:54,online
mar 2025-11-25 12:43:53,offline
mar 2025-11-25 12:44:12,online
mar 2025-11-25 12:44:32,offline
mar 2025-11-25 12:45:54,online
mar 2025-11-25 12:47:14,offline
mar 2025-11-25 12:48:14,online
mar 2025-11-25 12:52:20,offline
mar 2025-11-25 12:53:51,online
mar 2025-11-25 12:55:30,offline
mar 2025-11-25 12:55:45,online
mar 2025-11-25 12:56:06,offline
mar 2025-11-25 12:57:37,online
mar 2025-11-25 12:59:50,offline
mar 2025-11-25 13:03:06,online
mar 2025-11-25 13:16:25,offline
mar 2025-11-25 13:16:29,online
mar 2025-11-25 13:19:01,offline
mar 2025-11-25 13:19:06,online
mar 2025-11-25 13:19:37,offline
mar 2025-11-25 13:20:13,online
mar 2025-11-25 13:30:54,offline
mar 2025-11-25 13:30:58,online
mar 2025-11-25 13:37:26,offline
mar 2025-11-25 13:37:31,online
mar 2025-11-25 13:42:11,offline
mar 2025-11-25 13:42:21,online
mar 2025-11-25 13:44:30,offline
mar 2025-11-25 13:52:23,online
mar 2025-11-25 13:52:53,offline
mar 2025-11-25 14:20:54,online
mar 2025-11-25 14:23:28,offline
mar 2025-11-25 14:42:15,online
mar 2025-11-25 14:48:09,offline
mar 2025-11-25 14:48:18,online
mar 2025-11-25 14:49:50,offline
mar 2025-11-25 14:50:05,online
mar 2025-11-25 14:50:21,offline
mar 2025-11-25 14:51:07,online
mar 2025-11-25 14:52:48,offline
mar 2025-11-25 14:52:52,online
mar 2025-11-25 14:53:52,offline
mar 2025-11-25 15:03:34,online
mar 2025-11-25 15:03:53,offline
mar 2025-11-25 15:04:27,online
mar 2025-11-25 15:04:45,offline
mar 2025-11-25 15:06:09,online
mar 2025-11-25 15:06:27,offline
mar 2025-11-25 15:11:12,online
mar 2025-11-25 15:12:07,offline
mar 2025-11-25 15:12:38,online
mar 2025-11-25 15:14:06,offline
mar 2025-11-25 15:14:37,online
mar 2025-11-25 15:15:12,offline
mar 2025-11-25 15:15:48,online
mar 2025-11-25 15:16:08,offline
mar 2025-11-25 15:16:45,online
mar 2025-11-25 15:17:48,offline
mar 2025-11-25 15:20:36,online
mar 2025-11-25 15:20:57,offline
mar 2025-11-25 15:22:24,online
mar 2025-11-25 15:22:55,offline
mar 2025-11-25 15:26:15,online
mar 2025-11-25 15:27:07,offline
mar 2025-11-25 15:28:00,online
mar 2025-11-25 15:28:53,offline
mar 2025-11-25 15:40:50,online
mar 2025-11-25 15:41:08,offline
mar 2025-11-25 15:50:14,online
mar 2025-11-25 15:51:41,offline
mar 2025-11-25 15:54:19,online
mar 2025-11-25 15:55:53,offline
mar 2025-11-25 16:02:41,online
mar 2025-11-25 16:06:07,offline
mar 2025-11-25 16:06:22,online
mar 2025-11-25 16:35:02,offline
mar 2025-11-25 16:35:55,online
mar 2025-11-25 16:37:21,offline
mar 2025-11-25 16:38:33,online
mar 2025-11-25 16:38:59,offline
mar 2025-11-25 16:41:00,online
mar 2025-11-25 16:41:21,offline
mar 2025-11-25 16:42:31,online
mar 2025-11-25 16:42:50,offline
mar 2025-11-25 16:44:37,online
mar 2025-11-25 16:49:23,offline
mar 2025-11-25 16:49:59,online
mar 2025-11-25 16:51:08,offline
mar 2025-11-25 16:55:52,online
mar 2025-11-25 16:57:23,offline
mar 2025-11-25 16:58:06,online
mar 2025-11-25 17:07:39,offline
mar 2025-11-25 17:07:57,online
mar 2025-11-25 17:09:59,offline
mar 2025-11-25 17:10:40,online
mar 2025-11-25 17:12:31,offline
mar 2025-11-25 17:12:40,online
mar 2025-11-25 17:15:21,offline
mar 2025-11-25 17:16:09,online
mar 2025-11-25 17:16:25,offline
mar 2025-11-25 17:16:42,online
mar 2025-11-25 17:17:12,offline
mar 2025-11-25 17:17:23,online
mar 2025-11-25 17:18:31,offline
mar 2025-11-25 18:05:01,online
mar 2025-11-25 18:26:17,offline
mar 2025-11-25 18:29:08,online
mar 2025-11-25 18:44:08,offline
mar 2025-11-25 21:05:17,online
mar 2025-11-25 21:51:01,offline
mar 2025-11-25 21:51:11,online
mar 2025-11-25 22:35:41,offline
mie 2025-11-26 08:28:08,online
mie 2025-11-26 08:30:56,offline
mie 2025-11-26 08:43:40,online
mie 2025-11-26 08:46:15,offline
mie 2025-11-26 09:52:29,online
mie 2025-11-26 09:53:45,offline
mie 2025-11-26 09:56:11,online
mie 2025-11-26 10:03:12,offline
mie 2025-11-26 10:16:07,online
mie 2025-11-26 10:19:48,offline
mie 2025-11-26 10:20:19,online
mie 2025-11-26 10:21:55,offline
mie 2025-11-26 10:25:00,online
mie 2025-11-26 10:27:43,offline
mie 2025-11-26 10:27:54,online
mie 2025-11-26 10:29:22,offline
mie 2025-11-26 10:30:47,online
mie 2025-11-26 10:31:51,offline
mie 2025-11-26 10:35:06,online
mie 2025-11-26 10:36:30,offline
mie 2025-11-26 10:37:24,online
mie 2025-11-26 10:42:08,offline
mie 2025-11-26 10:48:51,online
mie 2025-11-26 10:50:00,offline
mie 2025-11-26 10:50:28,online
mie 2025-11-26 10:52:38,offline
mie 2025-11-26 10:54:12,online
mie 2025-11-26 10:57:15,offline
mie 2025-11-26 10:57:59,online
mie 2025-11-26 10:59:06,offline
mie 2025-11-26 10:59:22,online
mie 2025-11-26 11:00:08,offline
mie 2025-11-26 11:12:42,online
mie 2025-11-26 11:16:20,offline
mie 2025-11-26 11:17:00,online
mie 2025-11-26 11:18:02,offline
mie 2025-11-26 11:19:31,online
mie 2025-11-26 11:25:36,offline
mie 2025-11-26 11:25:45,online
mie 2025-11-26 11:26:24,offline
mie 2025-11-26 11:31:56,online
mie 2025-11-26 11:32:15,offline
mie 2025-11-26 11:33:08,online
mie 2025-11-26 11:34:34,offline
mie 2025-11-26 11:35:54,online
mie 2025-11-26 11:36:17,offline
mie 2025-11-26 11:36:34,online
mie 2025-11-26 11:38:25,offline
mie 2025-11-26 11:38:33,online
mie 2025-11-26 11:41:23,offline
mie 2025-11-26 11:42:53,online
mie 2025-11-26 11:45:05,offline
mie 2025-11-26 11:50:37,online
mie 2025-11-26 11:51:36,offline
mie 2025-11-26 12:35:50,offline
mie 2025-11-26 12:58:14,online
mie 2025-11-26 13:00:21,offline
mie 2025-11-26 13:01:55,online
mie 2025-11-26 13:04:22,offline
mie 2025-11-26 13:04:32,online
mie 2025-11-26 13:04:45,offline
mie 2025-11-26 13:04:50,online
mie 2025-11-26 13:06:24,offline
mie 2025-11-26 13:11:14,online
mie 2025-11-26 13:12:08,offline
mie 2025-11-26 13:21:06,online
mie 2025-11-26 13:21:23,offline
mie 2025-11-26 13:24:02,online
mie 2025-11-26 13:24:33,offline
mie 2025-11-26 13:24:39,online
mie 2025-11-26 13:25:10,offline
mie 2025-11-26 13:28:47,online
mie 2025-11-26 13:33:10,offline
mie 2025-11-26 14:08:08,online
mie 2025-11-26 14:15:35,offline
mie 2025-11-26 14:16:27,online
mie 2025-11-26 14:18:12,offline
mie 2025-11-26 14:19:18,online
mie 2025-11-26 14:32:08,offline
mie 2025-11-26 14:47:53,online
mie 2025-11-26 14:49:25,offline
mie 2025-11-26 14:49:41,online
mie 2025-11-26 14:50:16,offline
mie 2025-11-26 15:00:12,online
mie 2025-11-26 15:00:42,offline
mie 2025-11-26 15:05:49,online
mie 2025-11-26 15:13:17,offline
mie 2025-11-26 15:14:59,online
mie 2025-11-26 15:16:32,offline
mie 2025-11-26 15:18:08,online
mie 2025-11-26 15:19:01,offline
mie 2025-11-26 15:32:56,online
mie 2025-11-26 15:33:47,offline
mie 2025-11-26 15:35:48,online
mie 2025-11-26 15:37:12,offline
mie 2025-11-26 15:49:34,online
mie 2025-11-26 15:51:27,offline
mie 2025-11-26 15:53:54,online
mie 2025-11-26 15:55:09,offline
mie 2025-11-26 15:57:31,online
mie 2025-11-26 16:01:24,offline
mie 2025-11-26 16:12:18,online
mie 2025-11-26 16:23:43,offline
mie 2025-11-26 16:26:18,online
mie 2025-11-26 16:27:47,offline
mie 2025-11-26 16:27:52,online
mie 2025-11-26 16:30:13,offline
mie 2025-11-26 16:31:29,online
mie 2025-11-26 16:35:15,offline
mie 2025-11-26 16:35:26,online
mie 2025-11-26 16:36:53,offline
mie 2025-11-26 16:37:32,online
mie 2025-11-26 16:38:35,offline
mie 2025-11-26 16:39:19,online
mie 2025-11-26 16:40:07,offline
mie 2025-11-26 16:40:58,online
mie 2025-11-26 16:42:10,offline
mie 2025-11-26 16:47:51,online
mie 2025-11-26 16:48:00,offline
mie 2025-11-26 16:49:00,online
mie 2025-11-26 16:50:03,offline
mie 2025-11-26 16:55:03,online
mie 2025-11-26 16:55:25,offline
mie 2025-11-26 17:05:12,online
mie 2025-11-26 17:09:22,offline
mie 2025-11-26 17:43:47,online
mie 2025-11-26 17:46:19,offline
mie 2025-11-26 17:48:21,online
mie 2025-11-26 17:50:11,offline
mie 2025-11-26 18:03:37,online
mie 2025-11-26 18:05:45,offline
mie 2025-11-26 18:13:11,online
mie 2025-11-26 18:17:02,offline
mie 2025-11-26 18:55:49,online
mie 2025-11-26 18:56:46,offline
mie 2025-11-26 19:30:55,online
mie 2025-11-26 19:32:40,offline
mie 2025-11-26 20:07:39,online
mie 2025-11-26 20:10:01,offline
mie 2025-11-26 20:19:02,online
mie 2025-11-26 20:19:21,offline
mie 2025-11-26 21:21:32,online
mie 2025-11-26 21:22:09,offline
jue 2025-11-27 07:34:48,online
jue 2025-11-27 07:35:54,offline
jue 2025-11-27 07:35:59,online
jue 2025-11-27 07:36:22,offline
jue 2025-11-27 09:05:07,online
jue 2025-11-27 09:10:07,offline
jue 2025-11-27 09:55:22,online
jue 2025-11-27 09:56:40,offline
jue 2025-11-27 10:06:44,online
jue 2025-11-27 10:07:58,offline
jue 2025-11-27 10:13:24,online
jue 2025-11-27 10:16:05,offline
jue 2025-11-27 10:17:14,online
jue 2025-11-27 10:18:51,offline
jue 2025-11-27 10:20:54,online
jue 2025-11-27 10:30:44,offline
jue 2025-11-27 10:30:48,online
jue 2025-11-27 10:31:21,offline
jue 2025-11-27 10:31:26,online
jue 2025-11-27 10:32:35,offline
jue 2025-11-27 10:38:35,online
jue 2025-11-27 10:41:03,offline
jue 2025-11-27 10:46:28,online
jue 2025-11-27 10:47:58,offline
jue 2025-11-27 10:49:44,online
jue 2025-11-27 10:54:46,offline
jue 2025-11-27 10:55:40,online
jue 2025-11-27 11:08:34,offline
jue 2025-11-27 11:10:09,online
jue 2025-11-27 11:11:39,offline
jue 2025-11-27 11:11:43,online
jue 2025-11-27 11:12:50,offline
jue 2025-11-27 11:14:20,online
jue 2025-11-27 11:14:41,offline
jue 2025-11-27 11:15:40,online
jue 2025-11-27 11:16:28,offline
jue 2025-11-27 11:17:00,online
jue 2025-11-27 11:19:31,offline
jue 2025-11-27 11:26:08,online
jue 2025-11-27 11:30:36,offline
jue 2025-11-27 11:30:41,online
jue 2025-11-27 11:33:24,offline
jue 2025-11-27 11:33:50,online
jue 2025-11-27 11:35:14,offline
jue 2025-11-27 11:41:32,online
jue 2025-11-27 11:42:30,offline
jue 2025-11-27 11:42:54,online
jue 2025-11-27 11:48:34,offline
jue 2025-11-27 11:49:06,online
jue 2025-11-27 11:49:42,offline
jue 2025-11-27 11:51:54,online
jue 2025-11-27 12:25:12,offline
jue 2025-11-27 13:56:07,offline
jue 2025-11-27 13:58:01,online
jue 2025-11-27 14:02:59,offline
jue 2025-11-27 14:05:56,online
jue 2025-11-27 14:07:39,offline
jue 2025-11-27 14:09:40,online
jue 2025-11-27 14:10:22,offline
jue 2025-11-27 14:13:38,online
jue 2025-11-27 14:14:54,offline
jue 2025-11-27 14:16:27,online
jue 2025-11-27 14:17:33,offline
jue 2025-11-27 14:35:35,offline
jue 2025-11-27 14:35:45,online
jue 2025-11-27 14:37:58,offline
jue 2025-11-27 14:38:02,online
jue 2025-11-27 14:41:18,offline
jue 2025-11-27 14:48:14,online
jue 2025-11-27 14:49:45,offline
jue 2025-11-27 14:50:09,online
jue 2025-11-27 14:51:56,offline
jue 2025-11-27 14:52:00,online
jue 2025-11-27 14:53:22,offline
jue 2025-11-27 14:53:26,online
jue 2025-11-27 14:54:19,offline
jue 2025-11-27 14:57:40,online
jue 2025-11-27 14:57:56,offline
jue 2025-11-27 14:59:41,online
jue 2025-11-27 15:00:27,offline
jue 2025-11-27 15:00:43,online
jue 2025-11-27 15:01:22,offline
jue 2025-11-27 15:06:59,online
jue 2025-11-27 15:10:43,offline
jue 2025-11-27 15:11:13,online
jue 2025-11-27 15:12:27,offline
jue 2025-11-27 15:13:19,online
jue 2025-11-27 15:16:56,offline
jue 2025-11-27 15:19:22,online
jue 2025-11-27 15:21:43,offline
jue 2025-11-27 15:33:28,online
jue 2025-11-27 15:33:58,offline
jue 2025-11-27 15:34:15,online
jue 2025-11-27 15:34:27,offline
jue 2025-11-27 15:36:29,online
jue 2025-11-27 15:37:26,offline
jue 2025-11-27 16:19:34,online
jue 2025-11-27 16:20:01,offline
jue 2025-11-27 16:20:22,online
jue 2025-11-27 16:21:47,offline
jue 2025-11-27 16:22:19,online
jue 2025-11-27 16:23:16,offline
jue 2025-11-27 16:28:29,online
jue 2025-11-27 16:28:52,offline
jue 2025-11-27 16:31:39,online
jue 2025-11-27 16:31:58,offline
jue 2025-11-27 16:34:39,online
jue 2025-11-27 16:35:10,offline
jue 2025-11-27 16:37:46,online
jue 2025-11-27 16:38:17,offline
jue 2025-11-27 16:38:47,online
jue 2025-11-27 16:38:51,offline
jue 2025-11-27 16:41:51,online
jue 2025-11-27 16:43:47,offline
jue 2025-11-27 16:56:28,online
jue 2025-11-27 16:57:11,offline
jue 2025-11-27 16:57:22,online
jue 2025-11-27 16:58:18,offline
jue 2025-11-27 17:04:43,online
jue 2025-11-27 17:06:08,offline
jue 2025-11-27 17:34:45,online
jue 2025-11-27 17:35:39,offline
jue 2025-11-27 17:53:54,online
jue 2025-11-27 17:56:09,offline
jue 2025-11-27 19:50:53,online
jue 2025-11-27 19:51:22,offline
jue 2025-11-27 19:51:51,online
jue 2025-11-27 19:53:55,offline
jue 2025-11-27 20:31:13,online
jue 2025-11-27 20:33:28,offline
jue 2025-11-27 20:42:41,online
jue 2025-11-27 20:47:48,offline
jue 2025-11-27 20:53:51,online
jue 2025-11-27 20:58:25,offline
jue 2025-11-27 21:00:53,online
jue 2025-11-27 21:01:23,offline
jue 2025-11-27 21:03:06,online
jue 2025-11-27 21:04:33,offline
jue 2025-11-27 21:04:52,online
jue 2025-11-27 21:05:17,offline
jue 2025-11-27 21:06:54,online
jue 2025-11-27 21:07:51,offline
jue 2025-11-27 21:08:30,online
jue 2025-11-27 21:09:30,offline
jue 2025-11-27 21:15:03,online
jue 2025-11-27 22:14:41,offline
jue 2025-11-27 22:14:46,online
jue 2025-11-27 22:51:16,offline
jue 2025-11-27 22:53:11,online
jue 2025-11-27 22:54:35,offline
jue 2025-11-27 23:22:24,online
jue 2025-11-27 23:22:51,offline
jue 2025-11-27 23:23:16,online
jue 2025-11-27 23:23:53,offline
vie 2025-11-28 08:04:12,online
vie 2025-11-28 08:06:34,offline
vie 2025-11-28 08:09:00,online
vie 2025-11-28 08:09:23,offline
vie 2025-11-28 08:10:49,online
vie 2025-11-28 08:11:14,offline
vie 2025-11-28 08:27:28,online
vie 2025-11-28 08:27:47,offline
vie 2025-11-28 09:48:21,online
vie 2025-11-28 09:51:35,offline
vie 2025-11-28 09:51:50,online
vie 2025-11-28 09:53:15,offline
vie 2025-11-28 09:55:39,online
vie 2025-11-28 09:58:08,offline
vie 2025-11-28 09:58:34,online
vie 2025-11-28 09:59:22,offline
vie 2025-11-28 10:04:14,online
vie 2025-11-28 10:07:10,offline
vie 2025-11-28 10:20:30,online
vie 2025-11-28 10:21:45,offline
vie 2025-11-28 10:42:09,online
vie 2025-11-28 10:42:34,offline
vie 2025-11-28 10:43:09,online
vie 2025-11-28 10:43:39,offline
vie 2025-11-28 10:44:09,online
vie 2025-11-28 10:45:39,offline
vie 2025-11-28 10:48:07,online
vie 2025-11-28 10:51:53,offline
vie 2025-11-28 10:57:27,online
vie 2025-11-28 10:58:37,offline
vie 2025-11-28 11:01:14,online
vie 2025-11-28 11:01:31,offline
vie 2025-11-28 11:02:34,online
vie 2025-11-28 11:05:08,offline
vie 2025-11-28 11:05:18,online
vie 2025-11-28 11:06:48,offline
vie 2025-11-28 11:09:48,online
vie 2025-11-28 11:27:09,offline
vie 2025-11-28 11:29:40,online
vie 2025-11-28 11:30:53,offline
vie 2025-11-28 11:31:14,online
vie 2025-11-28 11:32:45,offline
vie 2025-11-28 11:37:30,online
vie 2025-11-28 11:45:43,offline
vie 2025-11-28 11:50:30,online
vie 2025-11-28 11:51:52,offline
vie 2025-11-28 11:54:09,online
vie 2025-11-28 11:55:08,offline
vie 2025-11-28 11:55:39,online
vie 2025-11-28 11:58:49,offline
vie 2025-11-28 12:08:56,online
vie 2025-11-28 12:12:22,offline
vie 2025-11-28 12:12:49,online
vie 2025-11-28 12:23:43,offline
vie 2025-11-28 12:25:52,online
vie 2025-11-28 12:31:25,offline
vie 2025-11-28 13:28:10,online
vie 2025-11-28 13:45:52,offline
vie 2025-11-28 13:47:17,online
vie 2025-11-28 13:50:41,offline
vie 2025-11-28 13:51:41,online
vie 2025-11-28 13:53:00,offline
vie 2025-11-28 13:53:05,online
vie 2025-11-28 13:53:42,offline
vie 2025-11-28 13:54:50,online
vie 2025-11-28 13:55:39,offline
vie 2025-11-28 13:55:54,online
vie 2025-11-28 13:57:28,offline
vie 2025-11-28 13:57:33,online
vie 2025-11-28 13:57:47,offline
vie 2025-11-28 13:57:52,online
vie 2025-11-28 14:02:03,offline
vie 2025-11-28 14:03:08,online
vie 2025-11-28 14:08:46,offline
vie 2025-11-28 14:11:02,online
vie 2025-11-28 14:16:46,offline
vie 2025-11-28 14:17:08,online
vie 2025-11-28 14:21:00,offline
vie 2025-11-28 14:24:14,online
vie 2025-11-28 14:25:17,offline
vie 2025-11-28 14:26:19,online
vie 2025-11-28 14:27:49,offline
vie 2025-11-28 14:27:54,online
vie 2025-11-28 14:30:30,offline
vie 2025-11-28 14:30:34,online
vie 2025-11-28 14:31:13,offline
vie 2025-11-28 14:32:52,online
vie 2025-11-28 14:33:22,offline
vie 2025-11-28 14:34:12,online
vie 2025-11-28 14:36:03,offline
vie 2025-11-28 14:39:56,online
vie 2025-11-28 14:40:15,offline
vie 2025-11-28 14:41:04,online
vie 2025-11-28 14:41:56,offline
vie 2025-11-28 14:42:18,online
vie 2025-11-28 14:42:33,offline
vie 2025-11-28 14:42:43,online
vie 2025-11-28 14:44:24,offline
vie 2025-11-28 14:45:12,online
vie 2025-11-28 14:46:16,offline
vie 2025-11-28 14:50:52,online
vie 2025-11-28 14:51:27,offline
vie 2025-11-28 14:53:23,online
vie 2025-11-28 14:55:08,offline
vie 2025-11-28 14:57:59,online
vie 2025-11-28 15:36:08,offline
vie 2025-11-28 15:55:52,online
vie 2025-11-28 15:56:11,offline
vie 2025-11-28 15:56:28,online
vie 2025-11-28 15:57:25,offline
vie 2025-11-28 15:57:31,online
vie 2025-11-28 15:59:48,offline
vie 2025-11-28 16:00:38,online
vie 2025-11-28 16:01:18,offline
vie 2025-11-28 16:05:31,online
vie 2025-11-28 16:06:35,offline
vie 2025-11-28 16:28:50,online
vie 2025-11-28 16:29:53,offline
vie 2025-11-28 16:30:04,online
vie 2025-11-28 16:30:08,offline
vie 2025-11-28 16:56:29,online
vie 2025-11-28 16:57:20,offline
vie 2025-11-28 16:57:25,online
vie 2025-11-28 16:58:56,offline
vie 2025-11-28 16:59:23,online
vie 2025-11-28 17:01:55,offline
vie 2025-11-28 17:07:23,online
vie 2025-11-28 17:07:50,offline
vie 2025-11-28 17:11:41,online
vie 2025-11-28 17:12:51,offline
vie 2025-11-28 17:16:38,online
vie 2025-11-28 17:56:58,offline
vie 2025-11-28 18:16:08,online
vie 2025-11-28 18:17:32,offline
vie 2025-11-28 18:46:05,online
vie 2025-11-28 18:46:52,offline
vie 2025-11-28 19:50:08,online
vie 2025-11-28 19:52:25,offline
vie 2025-11-28 19:53:17,online
vie 2025-11-28 19:55:37,offline
vie 2025-11-28 19:56:29,online
vie 2025-11-28 19:58:36,offline
vie 2025-11-28 19:58:40,online
vie 2025-11-28 20:01:44,offline
vie 2025-11-28 20:35:35,online
vie 2025-11-28 20:39:45,offline
vie 2025-11-28 20:40:57,online
vie 2025-11-28 20:45:39,offline
vie 2025-11-28 20:47:50,online
vie 2025-11-28 20:48:06,offline
vie 2025-11-28 20:50:49,online
vie 2025-11-28 20:52:19,offline
vie 2025-11-28 21:00:54,online
vie 2025-11-28 21:01:27,offline
vie 2025-11-28 21:01:57,online
vie 2025-11-28 21:03:29,offline
vie 2025-11-28 21:15:08,online
vie 2025-11-28 21:24:49,offline
vie 2025-11-28 21:25:20,online
vie 2025-11-28 21:25:56,offline
vie 2025-11-28 21:29:34,online
vie 2025-11-28 21:29:49,offline
vie 2025-11-28 21:30:57,online
vie 2025-11-28 21:32:17,offline
vie 2025-11-28 21:33:31,online
vie 2025-11-28 21:34:03,offline
vie 2025-11-28 21:38:02,online
vie 2025-11-28 21:38:22,offline
vie 2025-11-28 22:00:49,online
vie 2025-11-28 22:01:18,offline
vie 2025-11-28 22:09:13,online
vie 2025-11-28 22:14:28,offline
vie 2025-11-28 22:16:36,online
vie 2025-11-28 22:58:31,offline
sab 2025-11-29 04:40:44,online
sab 2025-11-29 04:42:34,offline
sab 2025-11-29 04:42:44,online
sab 2025-11-29 04:49:47,offline
sab 2025-11-29 04:50:45,online
sab 2025-11-29 04:58:07,offline
sab 2025-11-29 07:24:11,online
sab 2025-11-29 07:24:51,offline
sab 2025-11-29 07:30:56,online
sab 2025-11-29 07:31:52,offline
sab 2025-11-29 10:09:35,online
sab 2025-11-29 10:10:41,offline
sab 2025-11-29 10:11:45,online
sab 2025-11-29 10:13:43,offline
sab 2025-11-29 10:58:41,online
sab 2025-11-29 10:59:08,offline
sab 2025-11-29 11:09:09,online
sab 2025-11-29 11:10:37,offline
sab 2025-11-29 11:15:20,online
sab 2025-11-29 11:17:48,offline
sab 2025-11-29 11:27:03,online
sab 2025-11-29 11:28:24,offline
sab 2025-11-29 11:28:43,online
sab 2025-11-29 11:29:51,offline
sab 2025-11-29 11:31:37,online
sab 2025-11-29 11:36:12,offline
sab 2025-11-29 12:00:46,online
sab 2025-11-29 12:02:41,offline
sab 2025-11-29 12:02:52,online
sab 2025-11-29 12:05:03,offline
sab 2025-11-29 12:06:18,online
sab 2025-11-29 12:06:50,offline
sab 2025-11-29 12:23:01,online
sab 2025-11-29 12:23:48,offline
sab 2025-11-29 13:12:10,online
sab 2025-11-29 13:14:47,offline
sab 2025-11-29 13:15:16,online
sab 2025-11-29 13:24:22,offline
sab 2025-11-29 13:27:59,online
sab 2025-11-29 13:50:54,offline
sab 2025-11-29 14:14:59,online
sab 2025-11-29 14:15:24,offline
sab 2025-11-29 14:22:45,online
sab 2025-11-29 14:23:00,offline
sab 2025-11-29 14:34:10,online
sab 2025-11-29 14:35:07,offline
sab 2025-11-29 14:35:57,online
sab 2025-11-29 14:36:29,offline
sab 2025-11-29 15:03:46,online
sab 2025-11-29 15:05:12,offline
sab 2025-11-29 16:08:13,online
sab 2025-11-29 16:08:55,offline
sab 2025-11-29 16:44:20,online
sab 2025-11-29 16:47:33,offline
sab 2025-11-29 16:54:43,online
sab 2025-11-29 16:55:03,offline
sab 2025-11-29 18:55:08,online
sab 2025-11-29 18:56:47,offline
sab 2025-11-29 18:58:49,online
sab 2025-11-29 18:59:27,offline
sab 2025-11-29 19:00:12,online
sab 2025-11-29 19:00:27,offline
sab 2025-11-29 19:01:26,online
sab 2025-11-29 19:02:36,offline
sab 2025-11-29 19:04:06,online
sab 2025-11-29 19:04:22,offline
sab 2025-11-29 19:29:03,online
sab 2025-11-29 19:29:18,offline
sab 2025-11-29 19:49:30,online
sab 2025-11-29 19:53:40,offline
sab 2025-11-29 20:55:32,online
sab 2025-11-29 20:56:00,offline
sab 2025-11-29 21:37:06,online
sab 2025-11-29 21:38:29,offline
sab 2025-11-29 22:06:15,online
sab 2025-11-29 22:06:54,offline
sab 2025-11-29 22:24:29,online
sab 2025-11-29 22:25:27,offline
sab 2025-11-29 22:25:32,online
sab 2025-11-29 22:26:10,offline
sab 2025-11-29 22:26:25,online
sab 2025-11-29 22:27:08,offline
sab 2025-11-29 22:39:38,online
sab 2025-11-29 22:40:36,offline
dom 2025-11-30 00:37:26,online
dom 2025-11-30 00:38:27,offline
dom 2025-11-30 08:58:24,online
dom 2025-11-30 08:59:30,offline
dom 2025-11-30 10:16:27,online
dom 2025-11-30 10:17:03,offline
dom 2025-11-30 10:17:38,online
dom 2025-11-30 10:20:07,offline
dom 2025-11-30 10:22:31,online
dom 2025-11-30 10:22:47,offline
dom 2025-11-30 10:25:09,online
dom 2025-11-30 10:28:26,offline
dom 2025-11-30 10:38:00,online
dom 2025-11-30 10:44:15,offline
dom 2025-11-30 10:49:43,online
dom 2025-11-30 10:50:01,offline
dom 2025-11-30 11:29:50,online
dom 2025-11-30 11:31:36,offline
dom 2025-11-30 11:32:11,online
dom 2025-11-30 11:33:25,offline
dom 2025-11-30 12:09:41,online
dom 2025-11-30 12:10:53,offline
dom 2025-11-30 12:31:17,online
dom 2025-11-30 12:33:02,offline
dom 2025-11-30 12:44:53,online
dom 2025-11-30 12:47:03,offline
dom 2025-11-30 12:58:25,online
dom 2025-11-30 13:00:21,offline
dom 2025-11-30 13:10:28,online
dom 2025-11-30 13:10:54,offline
dom 2025-11-30 13:14:18,online
dom 2025-11-30 13:14:43,offline
dom 2025-11-30 13:30:47,online
dom 2025-11-30 13:32:47,offline
dom 2025-11-30 17:38:50,online
dom 2025-11-30 17:39:24,offline
dom 2025-11-30 17:57:18,online
dom 2025-11-30 17:58:39,offline
dom 2025-11-30 18:00:44,online
dom 2025-11-30 18:09:26,offline
dom 2025-11-30 18:11:49,online
dom 2025-11-30 18:13:27,offline
dom 2025-11-30 18:21:37,online
dom 2025-11-30 18:32:53,offline
dom 2025-11-30 19:30:44,online
dom 2025-11-30 19:33:22,offline
dom 2025-11-30 19:34:04,online
dom 2025-11-30 19:35:30,offline
dom 2025-11-30 19:36:39,online
dom 2025-11-30 19:38:44,offline
dom 2025-11-30 19:40:55,online
dom 2025-11-30 19:42:11,offline
dom 2025-11-30 19:48:12,online
dom 2025-11-30 19:48:29,offline
dom 2025-11-30 20:12:27,online
dom 2025-11-30 20:14:06,offline
dom 2025-11-30 21:41:23,offline
dom 2025-11-30 21:41:28,online
dom 2025-11-30 21:49:13,offline
dom 2025-11-30 22:15:54,online
dom 2025-11-30 22:16:30,offline
dom 2025-11-30 22:34:24,online
dom 2025-11-30 22:35:37,offline
dom 2025-11-30 23:09:57,online
lun 2025-12-01 00:19:37,offline
lun 2025-12-01 00:21:52,online
lun 2025-12-01 00:27:35,offline
lun 2025-12-01 00:27:50,online
lun 2025-12-01 00:36:48,offline
lun 2025-12-01 00:38:37,online
lun 2025-12-01 00:39:31,offline
lun 2025-12-01 01:03:08,online
lun 2025-12-01 01:03:20,offline
lun 2025-12-01 01:03:27,online
lun 2025-12-01 01:03:45,offline
lun 2025-12-01 05:26:52,online
lun 2025-12-01 05:27:40,offline
lun 2025-12-01 05:27:45,online
lun 2025-12-01 05:28:54,offline
lun 2025-12-01 06:16:38,online
lun 2025-12-01 06:20:58,offline
lun 2025-12-01 06:28:30,online
lun 2025-12-01 06:30:57,offline
lun 2025-12-01 06:38:35,online
lun 2025-12-01 06:38:51,offline
lun 2025-12-01 08:02:33,online
lun 2025-12-01 08:16:52,offline
lun 2025-12-01 10:59:09,offline
lun 2025-12-01 11:33:45,online
lun 2025-12-01 11:34:55,offline
lun 2025-12-01 11:42:47,online
lun 2025-12-01 11:43:17,offline
lun 2025-12-01 11:47:59,online
lun 2025-12-01 11:51:21,offline
lun 2025-12-01 11:51:44,online
lun 2025-12-01 11:53:17,offline
lun 2025-12-01 11:55:54,online
lun 2025-12-01 11:57:29,offline
lun 2025-12-01 11:58:36,online
lun 2025-12-01 12:00:26,offline
lun 2025-12-01 12:01:11,online
lun 2025-12-01 12:10:43,offline
lun 2025-12-01 12:11:00,online
lun 2025-12-01 12:15:36,offline
lun 2025-12-01 12:19:48,online
lun 2025-12-01 12:21:25,offline
lun 2025-12-01 12:22:08,online
lun 2025-12-01 12:23:37,offline
lun 2025-12-01 12:23:53,online
lun 2025-12-01 12:26:37,offline
lun 2025-12-01 12:26:58,online
lun 2025-12-01 12:28:13,offline
lun 2025-12-01 12:50:17,online
lun 2025-12-01 12:51:46,offline
lun 2025-12-01 13:47:13,online
lun 2025-12-01 13:47:21,offline
lun 2025-12-01 13:47:26,online
lun 2025-12-01 13:48:45,offline
lun 2025-12-01 14:08:42,online
lun 2025-12-01 14:11:13,offline
lun 2025-12-01 14:11:19,online
lun 2025-12-01 14:12:01,offline
lun 2025-12-01 14:23:50,online
lun 2025-12-01 14:27:16,offline
lun 2025-12-01 14:27:33,online
lun 2025-12-01 14:28:26,offline
lun 2025-12-01 14:29:23,online
lun 2025-12-01 14:30:01,offline
lun 2025-12-01 14:30:26,online
lun 2025-12-01 14:31:34,offline
lun 2025-12-01 14:32:21,online
lun 2025-12-01 14:32:37,offline
lun 2025-12-01 14:34:23,online
lun 2025-12-01 14:35:29,offline
lun 2025-12-01 14:35:35,online
lun 2025-12-01 14:41:51,offline
lun 2025-12-01 14:42:39,online
lun 2025-12-01 14:49:46,offline
lun 2025-12-01 14:50:34,online
lun 2025-12-01 14:52:09,offline
lun 2025-12-01 14:52:25,online
lun 2025-12-01 15:02:21,offline
lun 2025-12-01 15:04:29,online
lun 2025-12-01 15:07:27,offline
lun 2025-12-01 15:08:16,online
lun 2025-12-01 15:13:12,offline
lun 2025-12-01 15:13:17,online
lun 2025-12-01 15:15:23,offline
lun 2025-12-01 15:16:09,online
lun 2025-12-01 15:16:43,offline
lun 2025-12-01 15:19:35,online
lun 2025-12-01 15:25:15,offline
lun 2025-12-01 15:25:51,online
lun 2025-12-01 15:26:03,offline
lun 2025-12-01 18:46:06,offline
lun 2025-12-01 19:49:43,online
lun 2025-12-01 19:51:26,offline
lun 2025-12-01 20:19:20,online
lun 2025-12-01 20:20:19,offline
lun 2025-12-01 20:24:21,online
lun 2025-12-01 20:24:57,offline
lun 2025-12-01 20:25:41,online
lun 2025-12-01 20:26:07,offline
lun 2025-12-01 20:27:26,online
lun 2025-12-01 20:27:59,offline
lun 2025-12-01 20:28:30,online
lun 2025-12-01 20:30:21,offline
lun 2025-12-01 20:31:01,online
lun 2025-12-01 20:31:46,offline
lun 2025-12-01 20:33:31,online
lun 2025-12-01 20:34:44,offline
lun 2025-12-01 20:34:54,online
lun 2025-12-01 20:35:11,offline
lun 2025-12-01 20:37:59,online
lun 2025-12-01 20:38:31,offline
lun 2025-12-01 20:38:39,online
lun 2025-12-01 20:39:19,offline
lun 2025-12-01 20:40:16,online
lun 2025-12-01 20:41:25,offline
lun 2025-12-01 20:41:58,online
lun 2025-12-01 20:42:29,offline
lun 2025-12-01 20:42:36,online
lun 2025-12-01 20:43:33,offline
lun 2025-12-01 20:46:26,online
lun 2025-12-01 20:47:50,offline
lun 2025-12-01 20:48:51,online
lun 2025-12-01 20:49:59,offline
lun 2025-12-01 20:58:29,online
lun 2025-12-01 20:59:12,offline
lun 2025-12-01 21:02:00,online
lun 2025-12-01 21:02:16,offline
lun 2025-12-01 21:05:13,online
lun 2025-12-01 21:05:58,offline
lun 2025-12-01 21:19:29,online
lun 2025-12-01 21:20:30,offline
lun 2025-12-01 21:21:00,online
lun 2025-12-01 21:21:34,offline
lun 2025-12-01 21:24:36,online
lun 2025-12-01 21:25:01,offline
lun 2025-12-01 21:25:40,online
lun 2025-12-01 21:26:21,offline
lun 2025-12-01 21:33:58,online
lun 2025-12-01 21:34:49,offline
lun 2025-12-01 21:50:42,online
lun 2025-12-01 21:51:59,offline
lun 2025-12-01 22:22:17,online
lun 2025-12-01 22:22:33,offline
lun 2025-12-01 22:31:00,online
lun 2025-12-01 22:31:57,offline
lun 2025-12-01 22:53:33,online
lun 2025-12-01 22:53:38,offline
lun 2025-12-01 22:53:43,online
lun 2025-12-01 22:53:47,offline
lun 2025-12-01 22:59:04,online
lun 2025-12-01 22:59:49,offline
lun 2025-12-01 23:09:03,online
lun 2025-12-01 23:09:51,offline
lun 2025-12-01 23:09:56,online
lun 2025-12-01 23:10:13,offline
lun 2025-12-01 23:13:30,online
lun 2025-12-01 23:13:56,offline
lun 2025-12-01 23:14:49,online
lun 2025-12-01 23:16:02,offline
lun 2025-12-01 23:17:28,online
mar 2025-12-02 00:15:18,offline
mar 2025-12-02 00:42:23,online
mar 2025-12-02 00:42:50,offline
mar 2025-12-02 00:43:13,online
mar 2025-12-02 00:43:32,offline
mar 2025-12-02 09:03:53,online
mar 2025-12-02 09:07:17,offline
mar 2025-12-02 09:08:08,online
mar 2025-12-02 09:09:02,offline
mar 2025-12-02 09:09:18,online
mar 2025-12-02 09:09:40,offline
mar 2025-12-02 09:09:44,online
mar 2025-12-02 09:12:02,offline
mar 2025-12-02 09:21:42,online
mar 2025-12-02 09:22:29,offline
mar 2025-12-02 09:29:52,online
mar 2025-12-02 09:30:57,offline
mar 2025-12-02 09:33:45,online
mar 2025-12-02 09:34:53,offline
mar 2025-12-02 09:55:51,online
mar 2025-12-02 09:59:17,offline
mar 2025-12-02 10:01:36,online
mar 2025-12-02 10:13:46,offline
mar 2025-12-02 10:16:18,online
mar 2025-12-02 10:18:08,offline
mar 2025-12-02 10:21:35,online
mar 2025-12-02 10:22:54,offline
mar 2025-12-02 10:26:08,online
mar 2025-12-02 10:27:17,offline
mar 2025-12-02 10:33:33,online
mar 2025-12-02 10:38:20,offline
mar 2025-12-02 10:39:03,online
mar 2025-12-02 10:41:06,offline
mar 2025-12-02 10:41:11,online
mar 2025-12-02 10:41:37,offline
mar 2025-12-02 10:41:57,online
mar 2025-12-02 10:42:12,offline
mar 2025-12-02 10:45:39,online
mar 2025-12-02 10:46:06,offline
mar 2025-12-02 10:46:20,online
mar 2025-12-02 10:47:21,offline
mar 2025-12-02 10:48:45,online
mar 2025-12-02 10:52:26,offline
mar 2025-12-02 10:52:38,online
mar 2025-12-02 10:52:56,offline
mar 2025-12-02 10:54:27,online
mar 2025-12-02 10:55:41,offline
mar 2025-12-02 10:56:14,online
mar 2025-12-02 10:57:47,offline
mar 2025-12-02 12:54:58,online
mar 2025-12-02 12:59:04,offline
mar 2025-12-02 12:59:41,online
mar 2025-12-02 13:01:37,offline
mar 2025-12-02 13:02:03,online
mar 2025-12-02 13:02:23,offline
mar 2025-12-02 13:07:58,online
mar 2025-12-02 13:12:29,offline
mar 2025-12-02 13:15:18,online
mar 2025-12-02 13:17:46,offline
mar 2025-12-02 13:18:19,online
mar 2025-12-02 13:20:58,offline
mar 2025-12-02 13:21:52,online
mar 2025-12-02 13:27:07,offline
mar 2025-12-02 13:27:38,online
mar 2025-12-02 13:28:04,offline
mar 2025-12-02 13:28:16,online
mar 2025-12-02 13:29:18,offline
mar 2025-12-02 13:31:15,online
mar 2025-12-02 13:33:42,offline
mar 2025-12-02 13:34:36,online
mar 2025-12-02 13:36:05,offline
mar 2025-12-02 13:36:16,online
mar 2025-12-02 13:37:04,offline
mar 2025-12-02 13:44:00,online
mar 2025-12-02 13:46:14,offline
mar 2025-12-02 13:59:11,online
mar 2025-12-02 14:00:06,offline
mar 2025-12-02 14:00:37,online
mar 2025-12-02 14:02:51,offline
mar 2025-12-02 14:07:31,online
mar 2025-12-02 14:08:48,offline
mar 2025-12-02 14:12:20,online
mar 2025-12-02 14:13:32,offline
mar 2025-12-02 14:13:41,online
mar 2025-12-02 14:14:36,offline
mar 2025-12-02 14:17:18,online
mar 2025-12-02 14:20:08,offline
mar 2025-12-02 14:20:43,online
mar 2025-12-02 14:24:41,offline
mar 2025-12-02 14:27:36,online
mar 2025-12-02 14:29:06,offline
mar 2025-12-02 14:29:26,online
mar 2025-12-02 14:35:48,offline
mar 2025-12-02 14:36:21,online
mar 2025-12-02 14:36:38,offline
mar 2025-12-02 14:37:22,online
mar 2025-12-02 14:37:42,offline
mar 2025-12-02 14:38:04,online
mar 2025-12-02 14:38:31,offline
mar 2025-12-02 15:30:26,online
mar 2025-12-02 15:30:55,offline
mar 2025-12-02 15:32:12,online
mar 2025-12-02 15:32:26,offline
mar 2025-12-02 15:35:23,online
mar 2025-12-02 15:35:56,offline
mar 2025-12-02 16:30:23,online
mar 2025-12-02 16:33:56,offline
mar 2025-12-02 16:47:23,online
mar 2025-12-02 16:49:56,offline
mar 2025-12-02 17:00:28,online
mar 2025-12-02 17:01:45,offline
mar 2025-12-02 17:07:07,online
mar 2025-12-02 17:07:31,offline
mar 2025-12-02 17:23:10,online
mar 2025-12-02 17:23:54,offline
mar 2025-12-02 17:59:08,online
mar 2025-12-02 18:00:30,offline
mar 2025-12-02 18:11:46,online
mar 2025-12-02 18:13:46,offline
mar 2025-12-02 18:13:52,online
mar 2025-12-02 18:17:39,offline
mar 2025-12-02 18:20:22,online
mar 2025-12-02 18:23:51,offline
mar 2025-12-02 18:24:08,online
mar 2025-12-02 18:25:22,offline
mar 2025-12-02 18:34:37,online
mar 2025-12-02 18:35:08,offline
mar 2025-12-02 18:39:01,online
mar 2025-12-02 18:39:58,offline
mar 2025-12-02 18:40:26,online
mar 2025-12-02 18:41:28,offline
mar 2025-12-02 18:41:33,online
mar 2025-12-02 18:42:27,offline
mar 2025-12-02 19:06:13,online
mar 2025-12-02 19:07:19,offline
mar 2025-12-02 19:08:57,online
mar 2025-12-02 19:09:39,offline
mar 2025-12-02 19:19:45,online
mar 2025-12-02 19:20:47,offline
mar 2025-12-02 19:20:58,online
mar 2025-12-02 19:22:02,offline
mar 2025-12-02 19:22:11,online
mar 2025-12-02 19:26:08,offline
mar 2025-12-02 19:29:27,online
mar 2025-12-02 19:30:16,offline
mar 2025-12-02 19:31:54,online
mar 2025-12-02 19:32:13,offline
mar 2025-12-02 19:35:19,online
mar 2025-12-02 19:36:39,offline
mar 2025-12-02 19:38:17,online
mar 2025-12-02 19:38:56,offline
mar 2025-12-02 19:50:52,online
mar 2025-12-02 19:51:12,offline
mar 2025-12-02 22:11:12,online
mar 2025-12-02 22:12:46,offline
mar 2025-12-02 22:23:06,online
mar 2025-12-02 22:23:22,offline
mar 2025-12-02 22:23:54,online
mar 2025-12-02 22:24:00,offline
mar 2025-12-02 22:27:31,online
mar 2025-12-02 22:27:46,offline
mar 2025-12-02 22:44:07,online
mar 2025-12-02 22:46:31,offline
mar 2025-12-02 23:05:36,online
mar 2025-12-02 23:08:24,offline
mie 2025-12-03 09:26:39,online
mie 2025-12-03 09:27:31,offline
mie 2025-12-03 09:29:28,online
mie 2025-12-03 09:31:38,offline
mie 2025-12-03 09:35:10,online
mie 2025-12-03 09:36:03,offline
mie 2025-12-03 09:42:56,online
mie 2025-12-03 09:43:11,offline
mie 2025-12-03 09:45:25,online
mie 2025-12-03 09:45:42,offline
mie 2025-12-03 09:57:08,online
mie 2025-12-03 10:12:34,offline
mie 2025-12-03 10:13:56,online
mie 2025-12-03 10:18:57,offline
mie 2025-12-03 10:19:02,online
mie 2025-12-03 10:32:35,offline
mie 2025-12-03 10:36:12,online
mie 2025-12-03 10:40:42,offline
mie 2025-12-03 10:40:47,online
mie 2025-12-03 10:48:47,offline
mie 2025-12-03 10:49:00,online
mie 2025-12-03 10:51:50,offline
mie 2025-12-03 10:54:14,online
mie 2025-12-03 10:59:16,offline
mie 2025-12-03 11:02:20,online
mie 2025-12-03 11:04:49,offline
mie 2025-12-03 11:06:44,online
mie 2025-12-03 11:08:15,offline
mie 2025-12-03 11:13:50,online
mie 2025-12-03 11:18:37,offline
mie 2025-12-03 11:19:21,online
mie 2025-12-03 11:19:51,offline
mie 2025-12-03 11:20:50,online
mie 2025-12-03 11:21:06,offline
mie 2025-12-03 11:21:21,online
mie 2025-12-03 11:22:25,offline
mie 2025-12-03 11:22:40,online
mie 2025-12-03 11:25:11,offline
mie 2025-12-03 11:26:11,online
mie 2025-12-03 11:28:21,offline
mie 2025-12-03 11:31:39,online
mie 2025-12-03 11:32:42,offline
mie 2025-12-03 11:44:46,online
mie 2025-12-03 11:45:27,offline
mie 2025-12-03 11:46:02,online
mie 2025-12-03 11:46:19,offline
mie 2025-12-03 11:48:50,online
mie 2025-12-03 11:53:35,offline
mie 2025-12-03 11:56:49,online
mie 2025-12-03 12:06:36,offline
mie 2025-12-03 12:07:59,online
mie 2025-12-03 12:10:33,offline
mie 2025-12-03 12:12:23,online
mie 2025-12-03 12:14:53,offline
mie 2025-12-03 12:15:49,online
mie 2025-12-03 12:19:50,offline
mie 2025-12-03 12:21:12,online
mie 2025-12-03 12:22:42,offline
mie 2025-12-03 12:23:47,online
mie 2025-12-03 12:26:23,offline
mie 2025-12-03 12:33:50,online
mie 2025-12-03 12:37:24,offline
mie 2025-12-03 12:39:09,online
mie 2025-12-03 12:47:12,offline
mie 2025-12-03 12:48:18,online
mie 2025-12-03 12:50:47,offline
mie 2025-12-03 12:50:52,online
mie 2025-12-03 12:50:57,offline
mie 2025-12-03 12:51:14,online
mie 2025-12-03 12:51:56,offline
mie 2025-12-03 12:52:15,online
mie 2025-12-03 12:53:08,offline
mie 2025-12-03 12:57:38,online
mie 2025-12-03 13:00:30,offline
mie 2025-12-03 13:01:42,online
mie 2025-12-03 13:02:00,offline
mie 2025-12-03 13:03:03,online
mie 2025-12-03 13:04:36,offline
mie 2025-12-03 13:07:47,online
mie 2025-12-03 13:09:13,offline
mie 2025-12-03 13:11:24,online
mie 2025-12-03 13:12:02,offline
mie 2025-12-03 13:12:12,online
mie 2025-12-03 13:12:53,offline
mie 2025-12-03 13:19:44,online
mie 2025-12-03 13:20:59,offline
mie 2025-12-03 13:26:15,online
mie 2025-12-03 13:26:48,offline
mie 2025-12-03 13:57:50,online
mie 2025-12-03 13:59:43,offline
mie 2025-12-03 14:33:56,online
mie 2025-12-03 14:35:38,offline
mie 2025-12-03 14:45:45,online
mie 2025-12-03 14:47:09,offline
mie 2025-12-03 14:49:31,online
mie 2025-12-03 14:49:59,offline
mie 2025-12-03 14:53:19,online
mie 2025-12-03 14:53:40,offline
mie 2025-12-03 14:56:53,online
mie 2025-12-03 14:57:11,offline
mie 2025-12-03 16:03:05,online
mie 2025-12-03 16:03:10,offline
mie 2025-12-03 16:03:34,online
mie 2025-12-03 16:07:29,offline
mie 2025-12-03 16:07:46,online
mie 2025-12-03 16:10:52,offline
mie 2025-12-03 16:12:17,online
mie 2025-12-03 16:19:39,offline
mie 2025-12-03 16:23:28,online
mie 2025-12-03 16:24:35,offline
mie 2025-12-03 16:26:37,online
mie 2025-12-03 16:28:23,offline
mie 2025-12-03 16:28:32,online
mie 2025-12-03 16:32:31,offline
mie 2025-12-03 16:32:48,online
mie 2025-12-03 16:32:58,offline
mie 2025-12-03 16:35:35,online
mie 2025-12-03 16:37:17,offline
mie 2025-12-03 16:40:52,online
mie 2025-12-03 16:42:00,offline
mie 2025-12-03 16:47:31,online
mie 2025-12-03 16:47:59,offline
mie 2025-12-03 16:48:20,online
mie 2025-12-03 16:51:24,offline
mie 2025-12-03 16:52:15,online
mie 2025-12-03 16:53:52,offline
mie 2025-12-03 17:00:39,online
mie 2025-12-03 17:01:18,offline
mie 2025-12-03 17:01:22,online
mie 2025-12-03 17:01:35,offline
mie 2025-12-03 17:08:07,online
mie 2025-12-03 17:08:44,offline
mie 2025-12-03 22:39:33,online
mie 2025-12-03 22:40:25,offline
mie 2025-12-03 22:41:29,online
mie 2025-12-03 22:44:15,offline
mie 2025-12-03 22:48:05,online
mie 2025-12-03 22:48:55,offline
mie 2025-12-03 23:06:23,online
mie 2025-12-03 23:07:20,offline
mie 2025-12-03 23:14:18,online
mie 2025-12-03 23:17:01,offline
mie 2025-12-03 23:33:43,online
mie 2025-12-03 23:35:11,offline
mie 2025-12-03 23:52:13,online
jue 2025-12-04 00:28:33,offline
mie 2025-12-03 09:00:00,online
jue 2025-12-04 09:01:33,offline
jue 2025-12-04 10:15:43,offline,RESTART
jue 2025-12-04 10:15:59,online
jue 2025-12-04 10:16:14,offline
jue 2025-12-04 10:16:36,online
jue 2025-12-04 10:16:43,offline
jue 2025-12-04 10:16:53,online
jue 2025-12-04 10:17:07,offline
jue 2025-12-04 10:17:13,online
jue 2025-12-04 10:17:32,offline
jue 2025-12-04 10:18:27,online
jue 2025-12-04 10:20:31,offline
jue 2025-12-04 10:41:24,online
jue 2025-12-04 10:42:55,offline
jue 2025-12-04 10:50:22,online
jue 2025-12-04 10:56:03,offline
jue 2025-12-04 10:58:36,online
jue 2025-12-04 11:30:17,offline
jue 2025-12-04 11:31:07,online
jue 2025-12-04 11:42:12,offline
jue 2025-12-04 11:42:28,online
jue 2025-12-04 11:44:03,offline
jue 2025-12-04 11:45:22,online
jue 2025-12-04 11:46:14,offline
jue 2025-12-04 11:46:46,online
jue 2025-12-04 11:48:21,offline
jue 2025-12-04 11:49:41,online
jue 2025-12-04 11:51:12,offline
jue 2025-12-04 11:55:06,offline,RESTART
jue 2025-12-04 11:55:27,online
jue 2025-12-04 11:56:10,offline
jue 2025-12-04 12:16:37,online
jue 2025-12-04 12:20:02,offline
jue 2025-12-04 12:24:17,online
jue 2025-12-04 12:24:55,offline
jue 2025-12-04 12:50:46,offline,RESTART
jue 2025-12-04 12:55:12,online
jue 2025-12-04 12:58:52,offline
jue 2025-12-04 13:00:59,online
jue 2025-12-04 13:02:30,offline
jue 2025-12-04 13:02:40,online
jue 2025-12-04 13:04:12,offline
jue 2025-12-04 13:05:01,online
jue 2025-12-04 13:05:19,offline
jue 2025-12-04 13:08:49,online
jue 2025-12-04 13:13:47,offline
jue 2025-12-04 13:28:30,online
jue 2025-12-04 13:29:18,offline
jue 2025-12-04 13:29:34,online
jue 2025-12-04 13:30:33,offline
jue 2025-12-04 13:31:42,online
jue 2025-12-04 13:34:14,offline
jue 2025-12-04 13:48:17,online
jue 2025-12-04 13:52:16,offline
jue 2025-12-04 13:54:00,online
jue 2025-12-04 13:55:11,offline
jue 2025-12-04 14:02:50,online
jue 2025-12-04 14:04:42,offline
jue 2025-12-04 14:13:35,online
jue 2025-12-04 14:14:14,offline
jue 2025-12-04 14:16:12,online
jue 2025-12-04 14:17:31,offline
jue 2025-12-04 14:21:01,online
jue 2025-12-04 14:22:36,offline
jue 2025-12-04 14:24:07,online
jue 2025-12-04 14:33:10,offline
jue 2025-12-04 14:33:37,online
jue 2025-12-04 14:34:41,offline
jue 2025-12-04 14:34:48,online
jue 2025-12-04 14:36:11,offline
jue 2025-12-04 22:04:49,online,RESTART
jue 2025-12-04 22:05:44,offline
jue 2025-12-04 22:09:29,online
jue 2025-12-04 22:10:39,offline
jue 2025-12-04 22:19:28,online
jue 2025-12-04 22:19:44,offline
vie 2025-12-05 07:55:01,online
vie 2025-12-05 07:55:20,offline
vie 2025-12-05 08:09:56,online
vie 2025-12-05 08:11:21,offline
vie 2025-12-05 08:13:12,online
vie 2025-12-05 08:18:01,offline
vie 2025-12-05 08:19:34,online
vie 2025-12-05 08:28:30,offline
vie 2025-12-05 08:28:44,online
vie 2025-12-05 08:29:07,offline
vie 2025-12-05 08:31:36,online
vie 2025-12-05 08:32:41,offline
vie 2025-12-05 08:35:00,online
vie 2025-12-05 08:36:05,offline
vie 2025-12-05 09:26:18,online
vie 2025-12-05 09:29:51,offline
vie 2025-12-05 09:30:28,online
vie 2025-12-05 09:31:34,offline
vie 2025-12-05 10:18:58,online
vie 2025-12-05 10:21:51,offline
vie 2025-12-05 10:23:19,online
vie 2025-12-05 10:25:00,offline
vie 2025-12-05 10:25:33,online
vie 2025-12-05 10:27:05,offline
vie 2025-12-05 10:29:47,online
vie 2025-12-05 10:37:56,offline
vie 2025-12-05 10:40:55,online
vie 2025-12-05 10:42:27,offline
vie 2025-12-05 10:42:55,online
vie 2025-12-05 10:50:27,offlinevie 2025-12-05 14:02:20,offline,RESTART
vie 2025-12-05 14:02:39,online
vie 2025-12-05 14:03:42,offline
vie 2025-12-05 14:04:39,online
vie 2025-12-05 14:04:56,offline
vie 2025-12-05 14:14:36,online
vie 2025-12-05 14:14:59,offline
vie 2025-12-05 14:15:40,online
vie 2025-12-05 14:17:02,offline
vie 2025-12-05 14:24:11,online
vie 2025-12-05 14:29:27,offline
vie 2025-12-05 14:37:45,online
vie 2025-12-05 14:44:19,offline
vie 2025-12-05 14:49:46,online
vie 2025-12-05 14:50:12,offline
vie 2025-12-05 14:50:20,online
vie 2025-12-05 14:51:01,offline
vie 2025-12-05 14:52:51,online
vie 2025-12-05 14:57:52,offline
vie 2025-12-05 14:58:11,online
vie 2025-12-05 15:03:57,offline
vie 2025-12-05 15:04:35,online
vie 2025-12-05 15:05:40,offline
vie 2025-12-05 15:06:11,online
vie 2025-12-05 15:07:42,offline
vie 2025-12-05 15:08:41,online
vie 2025-12-05 15:09:14,offline
vie 2025-12-05 15:09:28,online
vie 2025-12-05 15:10:09,offline
vie 2025-12-05 15:10:23,online
vie 2025-12-05 15:11:19,offline
vie 2025-12-05 15:12:48,online
vie 2025-12-05 15:14:23,offline
vie 2025-12-05 15:14:54,online
vie 2025-12-05 15:23:00,offline
vie 2025-12-05 15:23:50,online
vie 2025-12-05 15:31:26,offline
vie 2025-12-05 15:32:49,online
vie 2025-12-05 15:33:45,offline
vie 2025-12-05 15:34:25,online
vie 2025-12-05 15:35:26,offline
vie 2025-12-05 15:37:50,online
vie 2025-12-05 15:39:33,offline
vie 2025-12-05 15:48:20,online
vie 2025-12-05 15:58:02,offline
vie 2025-12-05 15:59:25,online
vie 2025-12-05 15:59:52,offline
vie 2025-12-05 16:01:00,online
vie 2025-12-05 16:01:34,offline
vie 2025-12-05 22:16:55,online
vie 2025-12-05 22:18:21,offline
vie 2025-12-05 22:35:17,online
vie 2025-12-05 22:36:12,offline
vie 2025-12-05 23:02:54,online
vie 2025-12-05 23:03:14,offline
vie 2025-12-05 23:09:38,online
vie 2025-12-05 23:10:11,offline
vie 2025-12-05 23:55:45,online
vie 2025-12-05 23:57:24,offline
vie 2025-12-05 23:57:59,online
vie 2025-12-05 23:59:13,offline
sab 2025-12-06 00:10:10,online
sab 2025-12-06 00:11:07,offline
sab 2025-12-06 00:21:52,online
sab 2025-12-06 00:23:13,offline
sab 2025-12-06 00:25:33,online
sab 2025-12-06 00:35:45,offline
sab 2025-12-06 00:37:12,online
sab 2025-12-06 00:37:30,offline
sab 2025-12-06 00:41:41,online
sab 2025-12-06 00:42:00,offline
sab 2025-12-06 03:02:31,online
sab 2025-12-06 03:03:27,offline
sab 2025-12-06 03:08:36,online
sab 2025-12-06 03:08:55,offline
sab 2025-12-06 03:15:22,online
sab 2025-12-06 03:16:09,offline
sab 2025-12-06 08:15:14,online
sab 2025-12-06 08:25:40,offline
sab 2025-12-06 08:27:41,online
sab 2025-12-06 08:31:33,offline
sab 2025-12-06 08:36:30,online
sab 2025-12-06 08:39:07,offline
sab 2025-12-06 08:50:46,online
sab 2025-12-06 08:51:57,offline
sab 2025-12-06 08:52:59,online
sab 2025-12-06 08:53:54,offline
sab 2025-12-06 09:28:47,online
sab 2025-12-06 09:30:21,offline
sab 2025-12-06 09:30:55,online
sab 2025-12-06 09:31:20,offline
sab 2025-12-06 10:08:27,online
sab 2025-12-06 10:11:43,offline
sab 2025-12-06 10:15:39,online
sab 2025-12-06 10:27:33,offline
sab 2025-12-06 10:30:21,online
sab 2025-12-06 10:31:02,offline
sab 2025-12-06 10:34:18,online
sab 2025-12-06 10:35:29,offline
sab 2025-12-06 10:38:25,online
sab 2025-12-06 10:38:41,offline
sab 2025-12-06 10:39:29,online
sab 2025-12-06 10:40:28,offline
sab 2025-12-06 10:54:00,online
sab 2025-12-06 10:57:59,offline
sab 2025-12-06 11:00:07,online
sab 2025-12-06 11:03:02,offline
sab 2025-12-06 11:07:06,online
sab 2025-12-06 11:07:49,offline
sab 2025-12-06 11:11:59,online
sab 2025-12-06 11:15:24,offline
sab 2025-12-06 11:23:59,online
sab 2025-12-06 11:25:57,offline
sab 2025-12-06 11:27:59,online
sab 2025-12-06 11:29:17,offline
sab 2025-12-06 11:52:13,online
sab 2025-12-06 11:53:40,offline
sab 2025-12-06 11:54:27,online
sab 2025-12-06 11:55:50,offline
sab 2025-12-06 11:57:24,online
sab 2025-12-06 11:58:10,offline
sab 2025-12-06 12:03:22,online
sab 2025-12-06 12:05:14,offline
sab 2025-12-06 12:05:42,online
sab 2025-12-06 12:08:53,offline
sab 2025-12-06 12:14:06,offline,RESTART
sab 2025-12-06 12:17:34,online
sab 2025-12-06 12:18:25,offline
sab 2025-12-06 12:21:49,online
sab 2025-12-06 12:22:10,offline
sab 2025-12-06 12:35:19,online
sab 2025-12-06 12:36:10,offline
sab 2025-12-06 12:47:57,online
sab 2025-12-06 12:49:59,offline
sab 2025-12-06 13:01:36,online
sab 2025-12-06 13:03:41,offline
sab 2025-12-06 13:07:08,online
sab 2025-12-06 13:16:17,offline
sab 2025-12-06 13:17:59,online
sab 2025-12-06 13:20:56,offline
sab 2025-12-06 13:24:48,online
sab 2025-12-06 13:25:24,offline
sab 2025-12-06 14:22:51,online
sab 2025-12-06 14:35:34,offline
sab 2025-12-06 14:36:42,online
sab 2025-12-06 14:40:46,offline
sab 2025-12-06 14:41:06,online
sab 2025-12-06 14:44:12,offline
sab 2025-12-06 14:44:27,online
sab 2025-12-06 14:44:48,offline
sab 2025-12-06 14:48:25,online
sab 2025-12-06 16:18:16,offline
sab 2025-12-06 16:18:33,online
sab 2025-12-06 16:19:25,offline
sab 2025-12-06 16:45:23,online
sab 2025-12-06 16:45:51,offline
sab 2025-12-06 16:46:09,online
sab 2025-12-06 16:47:01,offline
sab 2025-12-06 17:25:23,online
sab 2025-12-06 17:26:13,offline
sab 2025-12-06 17:27:56,online
sab 2025-12-06 17:28:40,offline
sab 2025-12-06 17:38:14,online
sab 2025-12-06 17:38:37,offline
sab 2025-12-06 17:39:28,online
sab 2025-12-06 17:40:21,offline
sab 2025-12-06 17:42:27,online
sab 2025-12-06 17:44:47,offline
sab 2025-12-06 18:13:32,online
sab 2025-12-06 18:13:47,offline
sab 2025-12-06 18:16:58,online
sab 2025-12-06 18:17:14,offline
sab 2025-12-06 18:32:56,online
sab 2025-12-06 18:33:31,offline
sab 2025-12-06 20:54:32,online
sab 2025-12-06 20:55:54,offline
sab 2025-12-06 22:08:08,online
sab 2025-12-06 22:08:16,offline
sab 2025-12-06 23:07:29,online
sab 2025-12-06 23:10:22,offline
mar 2025-12-09 11:25:30,offline,RESTART
mar 2025-12-09 11:26:47,online
mar 2025-12-09 11:27:04,offline
mar 2025-12-09 11:31:31,online
mar 2025-12-09 11:32:08,offline
sab 2025-12-13 08:18:42,offline,RESTART
sab 2025-12-13 08:19:05,online
sab 2025-12-13 08:19:23,offline
sab 2025-12-13 08:23:46,online
sab 2025-12-13 08:24:34,offline
sab 2025-12-13 08:26:55,online
sab 2025-12-13 08:27:17,offline
sab 2025-12-13 08:27:25,online
sab 2025-12-13 08:27:39,offline
sab 2025-12-13 08:30:50,online
sab 2025-12-13 08:31:06,offline
